attribute,value,n,median_kwh,evening_18_22,overnight_0_5,midday_10_16,min_to_mean,onpeak_share,should_be_tou
a_ev_charging_window,DAYTIME_HOME,74,15556.578,0.193,0.099,0.374,0.401,0.334,0.014
a_ev_charging_window,EVENING_ARRIVAL,123,17034.593,0.306,0.129,0.221,0.435,0.338,0.171
a_ev_charging_window,MOSTLY_AWAY_PUBLIC,27,12151.598,0.238,0.119,0.282,0.493,0.329,0.185
a_ev_charging_window,NONE,7294,11576.108,0.213,0.124,0.288,0.519,0.316,0.078
a_ev_charging_window,OVERNIGHT_SCHEDULED,55,16851.775,0.168,0.277,0.226,0.494,0.219,0.745
a_pool_pump,NONE,5914,10983.648,0.219,0.129,0.279,0.531,0.316,0.074
a_pool_pump,SINGLE_SPEED,886,16170.947,0.188,0.109,0.328,0.444,0.309,0.146
a_pool_pump,VARIABLE_SPEED,773,14921.246,0.209,0.119,0.303,0.482,0.317,0.094
a_clothes_washer,N,523,9407.599,0.224,0.135,0.267,0.583,0.309,0.08
a_clothes_washer,Y,7050,11941.935,0.214,0.125,0.289,0.511,0.316,0.085
a_medical_equipment,LIFE_SUPPORT,216,13925.244,0.204,0.14,0.283,0.591,0.305,0.199
a_medical_equipment,NONE,6277,11592.958,0.216,0.123,0.288,0.508,0.317,0.072
a_medical_equipment,NON_CRITICAL,1080,11997.662,0.208,0.133,0.284,0.548,0.311,0.132
a_thermostat,MANUAL,2425,12359.657,0.219,0.124,0.289,0.519,0.318,0.06
a_thermostat,NONE,1254,9651.735,0.192,0.131,0.275,0.515,0.304,0.152
a_thermostat,PROGRAMMABLE,3137,12256.284,0.219,0.124,0.291,0.518,0.318,0.063
a_thermostat,SMART_CONNECTED,757,13271.745,0.217,0.127,0.289,0.499,0.315,0.137
