attribute,segment,synthetic,recs_fl,pass,tolerance_pts,source
washer,typ=MF24,69.7,54.4,False,8.0,
washer,typ=MF5,72.9,69.3,True,8.0,
washer,typ=MOBILE,93.8,94.2,True,8.0,
washer,typ=SFA,93.6,88.2,True,8.0,
washer,typ=SFD,97.7,98.3,True,8.0,
washer,own=True,94.4,95.3,True,8.0,
washer,own=False,73.0,72.3,True,8.0,
washer,inc=100-150k,93.7,98.6,True,8.0,
washer,inc=150k+,96.1,100.0,True,8.0,
washer,inc=25-50k,83.8,83.1,True,8.0,
washer,inc=50-75k,88.6,91.4,True,8.0,
washer,inc=75-100k,91.3,95.2,True,8.0,
washer,inc=<25k,71.9,72.2,True,8.0,
pool,typ=MF24,0.0,0.0,True,8.0,
pool,typ=MF5,0.0,0.0,True,8.0,
pool,typ=MOBILE,12.2,5.3,True,8.0,
pool,typ=SFA,9.1,5.3,True,8.0,
pool,typ=SFD,33.9,31.2,True,8.0,
pool,own=True,24.8,25.7,True,8.0,
pool,own=False,4.1,3.3,True,8.0,
pool,inc=100-150k,22.9,35.3,False,8.0,
pool,inc=150k+,27.3,42.4,False,8.0,
pool,inc=25-50k,13.6,8.4,True,8.0,
pool,inc=50-75k,16.7,16.2,True,8.0,
pool,inc=75-100k,19.5,16.0,True,8.0,
pool,inc=<25k,9.4,10.3,True,8.0,
smart_tstat,typ=MF24,6.3,3.0,True,8.0,
smart_tstat,typ=MF5,9.9,9.1,True,8.0,
smart_tstat,typ=MOBILE,4.1,1.6,True,8.0,
smart_tstat,typ=SFA,14.7,12.7,True,8.0,
smart_tstat,typ=SFD,14.9,15.7,True,8.0,
smart_tstat,own=True,15.2,15.6,True,8.0,
smart_tstat,own=False,5.0,4.9,True,8.0,
smart_tstat,inc=100-150k,15.5,14.9,True,8.0,
smart_tstat,inc=150k+,24.0,30.3,True,8.0,
smart_tstat,inc=25-50k,6.0,6.7,True,8.0,
smart_tstat,inc=50-75k,9.0,10.5,True,8.0,
smart_tstat,inc=75-100k,11.8,20.0,False,8.0,
smart_tstat,inc=<25k,2.7,2.8,True,8.0,
backup_gen,typ=MF24,6.2,2.9,True,10.0,
backup_gen,typ=MF5,16.6,6.8,True,10.0,
backup_gen,typ=MOBILE,29.1,23.0,True,10.0,
backup_gen,typ=SFA,7.5,9.5,True,10.0,
backup_gen,typ=SFD,32.2,31.4,True,10.0,
backup_gen,own=True,28.6,28.3,True,10.0,
backup_gen,own=False,12.7,8.5,True,10.0,
backup_gen,inc=100-150k,27.0,32.8,True,10.0,
backup_gen,inc=150k+,33.0,38.4,True,10.0,
backup_gen,inc=25-50k,19.2,15.6,True,10.0,
backup_gen,inc=50-75k,21.8,22.3,True,10.0,
backup_gen,inc=75-100k,24.0,19.0,True,10.0,
backup_gen,inc=<25k,15.2,14.4,True,10.0,
medical,typ=MF24,15.1,17.8,True,8.0,
medical,typ=MF5,9.2,6.7,True,8.0,
medical,typ=MOBILE,23.9,19.4,True,8.0,
medical,typ=SFA,10.9,8.8,True,8.0,
medical,typ=SFD,15.6,16.0,True,8.0,
medical,own=True,14.6,14.9,True,8.0,
medical,own=False,11.9,11.4,True,8.0,
medical,inc=100-150k,14.4,25.3,False,8.0,
medical,inc=150k+,14.9,15.8,True,8.0,
medical,inc=25-50k,13.2,12.8,True,8.0,
medical,inc=50-75k,13.7,8.7,True,8.0,
medical,inc=75-100k,14.0,15.8,True,8.0,
medical,inc=<25k,12.1,11.0,True,8.0,
weekly_hours_median,PBA=2.0,45.0,45.0,True,8.0,CBECS 2018 South
refrigeration_share_mean,PBA=2.0,2.9,2.91,True,3.0,CBECS 2018 South
owner_occupied_pct,PBA=2.0,70.9,71.56,True,15.0,CBECS 2018 South (chain leasing adj.)
weekly_hours_median,PBA=5.0,50.0,50.0,True,8.0,CBECS 2018 South
refrigeration_share_mean,PBA=5.0,5.3,3.77,True,3.0,CBECS 2018 South
owner_occupied_pct,PBA=5.0,63.7,63.94,True,15.0,CBECS 2018 South (chain leasing adj.)
weekly_hours_median,PBA=6.0,114.0,112.0,True,8.0,CBECS 2018 South
refrigeration_share_mean,PBA=6.0,53.6,55.23,True,3.0,CBECS 2018 South
owner_occupied_pct,PBA=6.0,75.3,76.2,True,15.0,CBECS 2018 South (chain leasing adj.)
weekly_hours_median,PBA=8.0,45.0,45.0,True,8.0,CBECS 2018 South
refrigeration_share_mean,PBA=8.0,2.6,2.55,True,3.0,CBECS 2018 South
owner_occupied_pct,PBA=8.0,60.0,60.05,True,15.0,CBECS 2018 South (chain leasing adj.)
weekly_hours_median,PBA=14.0,50.0,50.0,True,8.0,CBECS 2018 South
refrigeration_share_mean,PBA=14.0,4.3,4.23,True,3.0,CBECS 2018 South
owner_occupied_pct,PBA=14.0,96.1,96.42,True,15.0,CBECS 2018 South (chain leasing adj.)
weekly_hours_median,PBA=15.0,75.0,75.0,True,8.0,CBECS 2018 South
refrigeration_share_mean,PBA=15.0,24.1,24.05,True,3.0,CBECS 2018 South
owner_occupied_pct,PBA=15.0,60.9,63.16,True,15.0,CBECS 2018 South (chain leasing adj.)
weekly_hours_median,PBA=16.0,168.0,168.0,True,8.0,CBECS 2018 South
refrigeration_share_mean,PBA=16.0,3.7,3.83,True,3.0,CBECS 2018 South
owner_occupied_pct,PBA=16.0,97.2,84.46,True,15.0,CBECS 2018 South (chain leasing adj.)
weekly_hours_median,PBA=18.0,168.0,168.0,True,8.0,CBECS 2018 South
refrigeration_share_mean,PBA=18.0,10.3,10.2,True,3.0,CBECS 2018 South
owner_occupied_pct,PBA=18.0,75.3,75.56,True,15.0,CBECS 2018 South (chain leasing adj.)
weekly_hours_median,PBA=23.0,55.0,55.0,True,8.0,CBECS 2018 South
refrigeration_share_mean,PBA=23.0,13.4,13.33,True,3.0,CBECS 2018 South
owner_occupied_pct,PBA=23.0,28.1,27.69,True,15.0,CBECS 2018 South (chain leasing adj.)
weekly_hours_median,PBA=25.0,55.0,55.0,True,8.0,CBECS 2018 South
refrigeration_share_mean,PBA=25.0,7.0,7.01,True,3.0,CBECS 2018 South
owner_occupied_pct,PBA=25.0,55.4,57.33,True,15.0,CBECS 2018 South (chain leasing adj.)
BAS_pct_by_size,SQFTC=2,8.9,9.4,True,10.0,CBECS 2018 South
BAS_pct_by_size,SQFTC=3,15.0,15.7,True,10.0,CBECS 2018 South
BAS_pct_by_size,SQFTC=4,21.6,21.0,True,10.0,CBECS 2018 South
BAS_pct_by_size,SQFTC=5,34.9,29.7,True,10.0,CBECS 2018 South
BAS_pct_by_size,SQFTC=6,57.7,49.8,True,10.0,CBECS 2018 South
BAS_pct_by_size,SQFTC=7,70.3,60.8,True,10.0,CBECS 2018 South
BAS_pct_by_size,SQFTC=8,76.0,69.8,True,10.0,CBECS 2018 South
BAS_pct_by_size,SQFTC=9,81.9,73.9,True,10.0,CBECS 2018 South
motor_share_mean,NAICS=311,41.4,41.4,True,5.0,MECS 2018 Table 5.2
motor_share_mean,NAICS=312,49.1,49.0,True,5.0,MECS 2018 Table 5.2
motor_share_mean,NAICS=314,60.3,60.0,True,5.0,MECS 2018 Table 5.2
motor_share_mean,NAICS=321,74.2,74.6,True,5.0,MECS 2018 Table 5.2
motor_share_mean,NAICS=323,56.1,55.9,True,5.0,MECS 2018 Table 5.2
motor_share_mean,NAICS=325,57.2,56.9,True,5.0,MECS 2018 Table 5.2
motor_share_mean,NAICS=326,50.9,51.2,True,5.0,MECS 2018 Table 5.2
motor_share_mean,NAICS=327,54.9,55.0,True,5.0,MECS 2018 Table 5.2
motor_share_mean,NAICS=332,40.9,41.1,True,5.0,MECS 2018 Table 5.2
motor_share_mean,NAICS=333,51.4,51.2,True,5.0,MECS 2018 Table 5.2
motor_share_mean,NAICS=334,18.5,18.4,True,5.0,MECS 2018 Table 5.2
motor_share_mean,NAICS=335,33.8,34.2,True,5.0,MECS 2018 Table 5.2
motor_share_mean,NAICS=336,43.5,43.6,True,5.0,MECS 2018 Table 5.2
motor_share_mean,NAICS=337,50.0,50.0,True,5.0,MECS 2018 Table 5.2
motor_share_mean,NAICS=339,33.3,33.3,True,5.0,MECS 2018 Table 5.2
